game,noise_pair,noise_ratio,seed,method,method_p1,method_p2,final_reward_p1,final_reward_p2,mean_reward_p1,mean_reward_p2,final_distance_to_nash,avg_noise_norm_p1,avg_noise_norm_p2,weight_p1,weight_p2
matching_pennies,"1,1",1.0,0,standard,standard,standard,0.006664430942393398,-0.006664430942393398,0.04634627911886541,-0.04634627911886541,0.4965513594246287,1.223264436096033,1.2727148775394699,1.0,1.0
matching_pennies,"1,1",1.0,0,ew,ew,ew,0.8097348300321596,-0.8097348300321596,0.10198461665002498,-0.10198461665002498,1.2732882257001523,1.290197275504466,1.1248658650431491,1.0,1.0
matching_pennies,"1,1",1.0,0,lola,lola,lola,-0.28711580713230306,0.28711580713230306,-0.2037024348742821,0.2037024348742821,0.8439964967131193,1.330198490605759,1.254904137277126,1.0,1.0
matching_pennies,"1,1",1.0,0,ew_lola,ew_lola,ew_lola,0.6322916483865377,-0.6322916483865377,0.17744256361574956,-0.17744256361574956,1.1267807586866978,1.0271574357890678,1.2914619781552128,1.0,1.0
matching_pennies,"1,1",1.0,1,standard,standard,standard,-0.8345983017644396,0.8345983017644396,-0.15764728700973427,0.15764728700973427,1.292245471341532,1.0739378375656534,1.1985726867767155,1.0,1.0
matching_pennies,"1,1",1.0,1,ew,ew,ew,-0.19100161818303146,0.19100161818303146,0.19513719815415284,-0.19513719815415284,0.7757882868426044,1.2526486604046199,1.1421902584052332,1.0,1.0
matching_pennies,"1,1",1.0,1,lola,lola,lola,0.2969694757083495,-0.2969694757083495,-0.07432321246178114,0.07432321246178114,0.7713221463908754,1.1696826719706952,1.3443620087425194,1.0,1.0
matching_pennies,"1,1",1.0,1,ew_lola,ew_lola,ew_lola,-0.12234799434779037,0.12234799434779037,0.020396377933708534,-0.020396377933708534,0.5069069411740295,1.3970483794335251,1.2607511275232939,1.0,1.0
matching_pennies,"1,1",1.0,2,standard,standard,standard,0.7824154266761452,-0.7824154266761452,0.19564332383741959,-0.19564332383741959,1.2528345299829668,1.1481139218166765,1.102592639814062,1.0,1.0
matching_pennies,"1,1",1.0,2,ew,ew,ew,0.049476260299515185,-0.049476260299515185,0.046077465263144636,-0.046077465263144636,0.3771987915402891,1.326952551842768,1.069647145465301,1.0,1.0
matching_pennies,"1,1",1.0,2,lola,lola,lola,0.7582246903447406,-0.7582246903447406,0.06073713901931756,-0.06073713901931756,1.2323776677193377,1.2251259816085527,1.3363925211355272,1.0,1.0
matching_pennies,"1,1",1.0,2,ew_lola,ew_lola,ew_lola,-0.3117332798902185,0.3117332798902185,0.03927871835438015,-0.03927871835438015,0.8000506096599864,1.096911881471287,1.2628951063943685,1.0,1.0
matching_pennies,"1,1",1.0,3,standard,standard,standard,-1.0829555903785204e-05,1.0829555903785204e-05,-0.007137712718642081,0.007137712718642081,0.14723499101408843,1.1934208414412317,1.0994145862522742,1.0,1.0
matching_pennies,"1,1",1.0,3,ew,ew,ew,-0.05579235490195428,0.05579235490195428,-0.11183686360214713,0.11183686360214713,0.373701544562525,1.1573804268812449,1.0844604203488912,1.0,1.0
matching_pennies,"1,1",1.0,3,lola,lola,lola,0.017967300668000827,-0.017967300668000827,0.03439273481243583,-0.03439273481243583,0.3718512474560371,1.2281172386618868,1.2037724292018632,1.0,1.0
matching_pennies,"1,1",1.0,3,ew_lola,ew_lola,ew_lola,0.3053065619215269,-0.3053065619215269,0.11984734081313193,-0.11984734081313193,0.793189693094323,1.1848163643874592,1.1971728244331163,1.0,1.0
matching_pennies,"1,1",1.0,4,standard,standard,standard,-0.05226103405192578,0.05226103405192578,0.11554174278096943,-0.11554174278096943,0.4121074945947145,1.331756199068057,1.1947477387316765,1.0,1.0
matching_pennies,"1,1",1.0,4,ew,ew,ew,0.16074494787894195,-0.16074494787894195,0.05373718767815373,-0.05373718767815373,0.5700035969427603,1.1621778223237502,1.3477063177496083,1.0,1.0
matching_pennies,"1,1",1.0,4,lola,lola,lola,-0.4955674161652424,0.4955674161652424,0.014560781437547016,-0.014560781437547016,1.043675506387547,1.1946364496708464,1.2063207250069221,1.0,1.0
matching_pennies,"1,1",1.0,4,ew_lola,ew_lola,ew_lola,-0.9058196361292105,0.9058196361292105,-0.40933023979735267,0.40933023979735267,1.3473211135708048,1.301834403145561,1.1926660640523892,1.0,1.0
matching_pennies,"1,1",1.0,5,standard,standard,standard,0.9143436590314185,-0.9143436590314185,0.27594145085756827,-0.27594145085756827,1.3523175846152116,1.3553126462008167,1.4296462200974682,1.0,1.0
matching_pennies,"1,1",1.0,5,ew,ew,ew,0.14585467586883563,-0.14585467586883563,0.020353707723024944,-0.020353707723024944,0.5935031663395394,0.9508463045312345,1.2695690913916393,1.0,1.0
matching_pennies,"1,1",1.0,5,lola,lola,lola,-0.5457281390019169,0.5457281390019169,0.01729182268690739,-0.01729182268690739,1.063662099074457,1.2213354198589859,1.1506731163645196,1.0,1.0
matching_pennies,"1,1",1.0,5,ew_lola,ew_lola,ew_lola,-0.05979574012820149,0.05979574012820149,-0.05976120972863171,0.05976120972863171,0.3458317973735051,1.323295041771354,1.1267444592943285,1.0,1.0
matching_pennies,"1,1",1.0,6,standard,standard,standard,0.02227922130914181,-0.02227922130914181,0.2395826332409397,-0.2395826332409397,0.38235376081384537,1.291316378640499,1.2659270792001316,1.0,1.0
matching_pennies,"1,1",1.0,6,ew,ew,ew,-0.3783635186598448,0.3783635186598448,-0.1343933206170274,0.1343933206170274,0.8817043739262824,1.2098402270300823,1.35236395680517,1.0,1.0
matching_pennies,"1,1",1.0,6,lola,lola,lola,-0.5238188990776731,0.5238188990776731,-0.1693679663895523,0.1693679663895523,1.0555417495069213,1.1921934188071102,1.318073592719161,1.0,1.0
matching_pennies,"1,1",1.0,6,ew_lola,ew_lola,ew_lola,-0.37555951042199814,0.37555951042199814,0.2831700420843258,-0.2831700420843258,0.9373198280450646,1.120373446689905,1.2404574953297212,1.0,1.0
matching_pennies,"1,1",1.0,7,standard,standard,standard,-0.2553570283527181,0.2553570283527181,-0.04858807944799889,0.04858807944799889,0.7215218960172205,1.1366210533153192,1.2801270620149618,1.0,1.0
matching_pennies,"1,1",1.0,7,ew,ew,ew,-0.5917878661620303,0.5917878661620303,-0.20071042968250233,0.20071042968250233,1.1155663440720998,1.3744516885672335,1.437495470516179,1.0,1.0
matching_pennies,"1,1",1.0,7,lola,lola,lola,0.6546011739253249,-0.6546011739253249,0.01972090341615105,-0.01972090341615105,1.1544150235315551,1.2803917863670642,1.1530874897854613,1.0,1.0
matching_pennies,"1,1",1.0,7,ew_lola,ew_lola,ew_lola,-0.4399945505558196,0.4399945505558196,-0.029679528952944227,0.029679528952944227,0.9592333966579976,1.3800838883376918,1.1853669737028818,1.0,1.0
matching_pennies,"4,1",16.0,0,standard,standard,standard,0.8618907434862566,-0.8618907434862566,-0.1471885442347181,0.1471885442347181,1.3129521383474103,4.893057744384132,1.2727148775394699,1.0,1.0
matching_pennies,"4,1",16.0,0,ew,ew,ew,-0.056326332273576855,0.056326332273576855,-0.09979069888482708,0.09979069888482708,0.694252432979954,5.160789102017864,1.1248658650431491,0.0625,1.0
matching_pennies,"4,1",16.0,0,lola,lola,lola,-0.9391325481111832,0.9391325481111832,-0.5996112551514946,0.5996112551514946,1.371173772903296,5.320793962423036,1.254904137277126,1.0,1.0
matching_pennies,"4,1",16.0,0,ew_lola,ew_lola,ew_lola,-0.16282840397574977,0.16282840397574977,-0.08680832590498797,0.08680832590498797,0.7996538548130133,4.108629743156271,1.2914619781552128,0.0625,1.0
matching_pennies,"4,1",16.0,1,standard,standard,standard,-0.9845416952576986,0.9845416952576986,-0.6380298114423011,0.6380298114423011,1.4032828850128793,4.295751350262614,1.1985726867767155,1.0,1.0
matching_pennies,"4,1",16.0,1,ew,ew,ew,0.03998135401999853,-0.03998135401999853,-0.025912388026783178,0.025912388026783178,0.46046476267908076,5.0105946416184795,1.1421902584052332,0.0625,1.0
matching_pennies,"4,1",16.0,1,lola,lola,lola,-0.8832460875368534,0.8832460875368534,-0.7115752634799998,0.7115752634799998,1.3316552705278653,4.678730687882781,1.3443620087425194,1.0,1.0
matching_pennies,"4,1",16.0,1,ew_lola,ew_lola,ew_lola,-0.1325766838406987,0.1325766838406987,-0.03618630374471762,0.03618630374471762,0.567458258858357,5.5881935177341004,1.2607511275232939,0.0625,1.0
matching_pennies,"4,1",16.0,2,standard,standard,standard,-0.8816519512423843,0.8816519512423843,-0.6249969700084881,0.6249969700084881,1.3283113367294168,4.592455687266706,1.102592639814062,1.0,1.0
matching_pennies,"4,1",16.0,2,ew,ew,ew,0.010454973101953036,-0.010454973101953036,0.003925041451279902,-0.003925041451279902,0.5193339697569557,5.307810207371072,1.069647145465301,0.0625,1.0
matching_pennies,"4,1",16.0,2,lola,lola,lola,0.9840738662831822,-0.9840738662831822,-0.2347624555375897,0.2347624555375897,1.4029114716978957,4.900503926434211,1.3363925211355272,1.0,1.0
matching_pennies,"4,1",16.0,2,ew_lola,ew_lola,ew_lola,0.024079200848592386,-0.024079200848592386,0.008375484434670673,-0.008375484434670673,0.29625404909753816,4.387647525885148,1.2628951063943685,0.0625,1.0
matching_pennies,"4,1",16.0,3,standard,standard,standard,-0.9209055816606335,0.9209055816606335,-0.6885007873162159,0.6885007873162159,1.358275078857314,4.773683365764927,1.0994145862522742,1.0,1.0
matching_pennies,"4,1",16.0,3,ew,ew,ew,0.012819330126596029,-0.012819330126596029,0.02617529920904581,-0.02617529920904581,0.6432887477366894,4.6295217075249795,1.0844604203488912,0.0625,1.0
matching_pennies,"4,1",16.0,3,lola,lola,lola,0.6938850102740348,-0.6938850102740348,-0.036234412028202656,0.036234412028202656,1.1903754805255158,4.912468954647547,1.2037724292018632,1.0,1.0
matching_pennies,"4,1",16.0,3,ew_lola,ew_lola,ew_lola,-0.017152683762472684,0.017152683762472684,0.0018500868504102697,-0.0018500868504102697,0.4385125901636272,4.739265457549837,1.1971728244331163,0.0625,1.0
matching_pennies,"4,1",16.0,4,standard,standard,standard,-0.9248263364903205,0.9248263364903205,-0.6743621351262097,0.6743621351262097,1.3610435707586879,5.327024796272228,1.1947477387316765,1.0,1.0
matching_pennies,"4,1",16.0,4,ew,ew,ew,-0.10308568863231501,0.10308568863231501,-0.023940340305035605,0.023940340305035605,0.5692334738843405,4.648711289295001,1.3477063177496083,0.0625,1.0
matching_pennies,"4,1",16.0,4,lola,lola,lola,-0.6770763801651087,0.6770763801651087,-0.15814463004689738,0.15814463004689738,1.1858638785999038,4.7785457986833855,1.2063207250069221,1.0,1.0
matching_pennies,"4,1",16.0,4,ew_lola,ew_lola,ew_lola,-0.4162531590034957,0.4162531590034957,-0.06280113384428003,0.06280113384428003,0.9128251600322216,5.207337612582244,1.1926660640523892,0.0625,1.0
matching_pennies,"4,1",16.0,5,standard,standard,standard,0.9835742264117701,-0.9835742264117701,0.0004953882629141649,-0.0004953882629141649,1.4025596578292334,5.421250584803267,1.4296462200974682,1.0,1.0
matching_pennies,"4,1",16.0,5,ew,ew,ew,-0.02269535283143362,0.02269535283143362,-0.02806521596164998,0.02806521596164998,0.36460997771460546,3.803385218124938,1.2695690913916393,0.0625,1.0
matching_pennies,"4,1",16.0,5,lola,lola,lola,-0.8427343084638854,0.8427343084638854,-0.06101324523788284,0.06101324523788284,1.3029966483962507,4.885341679435943,1.1506731163645196,1.0,1.0
matching_pennies,"4,1",16.0,5,ew_lola,ew_lola,ew_lola,0.16233524474223265,-0.16233524474223265,0.06577236924983769,-0.06577236924983769,0.5941626195734339,5.293180167085416,1.1267444592943285,0.0625,1.0
matching_pennies,"4,1",16.0,6,standard,standard,standard,-0.12427602705957758,0.12427602705957758,0.16629752449925603,-0.16629752449925603,0.5116122221657514,5.165265514561996,1.2659270792001316,1.0,1.0
matching_pennies,"4,1",16.0,6,ew,ew,ew,-0.10846209197348816,0.10846209197348816,0.00248091946845467,-0.00248091946845467,0.47082623938437146,4.839360908120329,1.35236395680517,0.0625,1.0
matching_pennies,"4,1",16.0,6,lola,lola,lola,-0.9673519578170724,0.9673519578170724,-0.42325478180225823,0.42325478180225823,1.3911271552773998,4.768773675228441,1.318073592719161,1.0,1.0
matching_pennies,"4,1",16.0,6,ew_lola,ew_lola,ew_lola,0.06607878614590956,-0.06607878614590956,0.07541782215806746,-0.07541782215806746,0.3646547283623026,4.48149378675962,1.2404574953297212,0.0625,1.0
matching_pennies,"4,1",16.0,7,standard,standard,standard,-0.8708892964739983,0.8708892964739983,-0.540459482469539,0.540459482469539,1.322918505966742,4.546484213261277,1.2801270620149618,1.0,1.0
matching_pennies,"4,1",16.0,7,ew,ew,ew,0.26860451382346306,-0.26860451382346306,0.02292127758240818,-0.02292127758240818,0.7862808956559282,5.497806754268934,1.437495470516179,0.0625,1.0
matching_pennies,"4,1",16.0,7,lola,lola,lola,-0.9733647032693791,0.9733647032693791,-0.774619793572585,0.774619793572585,1.3953793745840364,5.121567145468257,1.1530874897854613,1.0,1.0
matching_pennies,"4,1",16.0,7,ew_lola,ew_lola,ew_lola,-0.0033947389885946033,0.0033947389885946033,-0.02729276492959092,0.02729276492959092,0.20200945115442162,5.520335553350767,1.1853669737028818,0.0625,1.0
matching_pennies,"16,1",256.0,0,standard,standard,standard,0.9001298647074667,-0.9001298647074667,-0.43082905478077427,0.43082905478077427,1.3417878530225136,19.572230977536528,1.2727148775394699,1.0,1.0
matching_pennies,"16,1",256.0,0,ew,ew,ew,-0.037007171203772296,0.037007171203772296,-0.028580199876512752,0.028580199876512752,0.6531546559205434,20.643156408071455,1.1248658650431491,0.00390625,1.0
matching_pennies,"16,1",256.0,0,lola,lola,lola,-0.9361783100364734,0.9361783100364734,-0.5799169109860428,0.5799169109860428,1.3690848126131,21.283175849692142,1.254904137277126,1.0,1.0
matching_pennies,"16,1",256.0,0,ew_lola,ew_lola,ew_lola,-0.08581862423466641,0.08581862423466641,-0.041667365662785276,0.041667365662785276,0.7436631594257396,16.434518972625085,1.2914619781552128,0.00390625,1.0
matching_pennies,"16,1",256.0,1,standard,standard,standard,-0.9858970550696926,0.9858970550696926,-0.7222364936432817,0.7222364936432817,1.4042412743781743,17.183005401050455,1.1985726867767155,1.0,1.0
matching_pennies,"16,1",256.0,1,ew,ew,ew,-0.016797655090125915,0.016797655090125915,-0.022464912367375175,0.022464912367375175,0.40611516039342616,20.042378566473918,1.1421902584052332,0.00390625,1.0
matching_pennies,"16,1",256.0,1,lola,lola,lola,-0.8930881821694812,0.8930881821694812,-0.7423536054778912,0.7423536054778912,1.3386154909961543,18.714922751531123,1.3443620087425194,1.0,1.0
matching_pennies,"16,1",256.0,1,ew_lola,ew_lola,ew_lola,-0.05277608208564108,0.05277608208564108,-0.02196732325302297,0.02196732325302297,0.4390556196048086,22.352774070936402,1.2607511275232939,0.00390625,1.0
matching_pennies,"16,1",256.0,2,standard,standard,standard,-0.8977817557653781,0.8977817557653781,-0.5993895325654517,0.5993895325654517,1.3419343402025836,18.369822749066824,1.102592639814062,1.0,1.0
matching_pennies,"16,1",256.0,2,ew,ew,ew,-0.035717776742885565,0.035717776742885565,-0.016545135260232997,0.016545135260232997,0.5838141995809768,21.23124082948429,1.069647145465301,0.00390625,1.0
matching_pennies,"16,1",256.0,2,lola,lola,lola,0.9883572990279295,-0.9883572990279295,-0.7179643522924453,0.7179643522924453,1.4059631892828768,19.602015705736843,1.3363925211355272,1.0,1.0
matching_pennies,"16,1",256.0,2,ew_lola,ew_lola,ew_lola,0.018215332479938978,-0.018215332479938978,0.005848932120407574,-0.005848932120407574,0.33391595817008957,17.550590103540593,1.2628951063943685,0.00390625,1.0
matching_pennies,"16,1",256.0,3,standard,standard,standard,-0.9286649259061557,0.9286649259061557,-0.7679184836770713,0.7679184836770713,1.363772047744893,19.094733463059708,1.0994145862522742,1.0,1.0
matching_pennies,"16,1",256.0,3,ew,ew,ew,-0.1862763120002382,0.1862763120002382,-0.11217207550286538,0.11217207550286538,0.8172613227152781,18.518086830099918,1.0844604203488912,0.00390625,1.0
matching_pennies,"16,1",256.0,3,lola,lola,lola,0.8592798561052473,-0.8592798561052473,-0.20392172975234177,0.20392172975234177,1.3146959432810426,19.64987581859019,1.2037724292018632,1.0,1.0
matching_pennies,"16,1",256.0,3,ew_lola,ew_lola,ew_lola,0.030489038082583964,-0.030489038082583964,0.04983736021309247,-0.04983736021309247,0.25420246604923774,18.957061830199347,1.1971728244331163,0.00390625,1.0
matching_pennies,"16,1",256.0,4,standard,standard,standard,-0.9264426016173007,0.9264426016173007,-0.7068620118226477,0.7068620118226477,1.3622006271702478,21.308099185088913,1.1947477387316765,1.0,1.0
matching_pennies,"16,1",256.0,4,ew,ew,ew,-0.05117472192248998,0.05117472192248998,-0.01864240797769601,0.01864240797769601,0.48890877999887083,18.594845157180004,1.3477063177496083,0.00390625,1.0
matching_pennies,"16,1",256.0,4,lola,lola,lola,-0.7564607957236095,0.7564607957236095,-0.3615615062780287,0.3615615062780287,1.2420053395444834,19.114183194733542,1.2063207250069221,1.0,1.0
matching_pennies,"16,1",256.0,4,ew_lola,ew_lola,ew_lola,0.016183039689977807,-0.016183039689977807,0.01318375374618121,-0.01318375374618121,0.18722819501233143,20.829350450328977,1.1926660640523892,0.00390625,1.0
matching_pennies,"16,1",256.0,5,standard,standard,standard,0.9926033372828115,-0.9926033372828115,-0.3250466406056689,0.3250466406056689,1.4089833106576015,21.685002339213067,1.4296462200974682,1.0,1.0
matching_pennies,"16,1",256.0,5,ew,ew,ew,-0.0013405143451722945,0.0013405143451722945,0.0007044017546724308,-0.0007044017546724308,0.08433939394400294,15.213540872499753,1.2695690913916393,0.00390625,1.0
matching_pennies,"16,1",256.0,5,lola,lola,lola,-0.8910498279102161,0.8910498279102161,-0.14813411360521106,0.14813411360521106,1.3371741568769675,19.541366717743774,1.1506731163645196,1.0,1.0
matching_pennies,"16,1",256.0,5,ew_lola,ew_lola,ew_lola,0.08102302913117473,-0.08102302913117473,0.037257067493345716,-0.037257067493345716,0.676060372704184,21.172720668341665,1.1267444592943285,0.00390625,1.0
matching_pennies,"16,1",256.0,6,standard,standard,standard,-0.8381527225563175,0.8381527225563175,0.2411406221563222,-0.2411406221563222,1.2968830333214216,20.661062058247985,1.2659270792001316,1.0,1.0
matching_pennies,"16,1",256.0,6,ew,ew,ew,0.019140416370490992,-0.019140416370490992,0.000706141703350156,-0.000706141703350156,0.24338363170206698,19.357443632481317,1.35236395680517,0.00390625,1.0
matching_pennies,"16,1",256.0,6,lola,lola,lola,-0.9668645720822929,0.9668645720822929,-0.39324327256231223,0.39324327256231223,1.3907832765949664,19.075094700913763,1.318073592719161,1.0,1.0
matching_pennies,"16,1",256.0,6,ew_lola,ew_lola,ew_lola,0.0025800125486183656,-0.0025800125486183656,-0.000373070413675702,0.000373070413675702,0.32639391624191605,17.92597514703848,1.2404574953297212,0.00390625,1.0
matching_pennies,"16,1",256.0,7,standard,standard,standard,-0.8770450653464112,0.8770450653464112,-0.5858531320562375,0.5858531320562375,1.3272712942991935,18.185936853045106,1.2801270620149618,1.0,1.0
matching_pennies,"16,1",256.0,7,ew,ew,ew,0.062306110387005065,-0.062306110387005065,0.005234989093774378,-0.005234989093774378,0.641857342122391,21.991227017075737,1.437495470516179,0.00390625,1.0
matching_pennies,"16,1",256.0,7,lola,lola,lola,-0.9750769840151525,0.9750769840151525,-0.8031544518936331,0.8031544518936331,1.3965903287625887,20.486268581873027,1.1530874897854613,1.0,1.0
matching_pennies,"16,1",256.0,7,ew_lola,ew_lola,ew_lola,0.011869892110360325,-0.011869892110360325,-0.0056642166700224235,0.0056642166700224235,0.3503413701348196,22.08134221340307,1.1853669737028818,0.00390625,1.0
rock_paper_scissors,"1,1",1.0,0,standard,standard,standard,0.10864319408660354,-0.10864319408660354,0.01795846871737989,-0.01795846871737989,0.591868970499863,1.6162116625696235,1.5599020221391473,1.0,1.0
rock_paper_scissors,"1,1",1.0,0,ew,ew,ew,-0.29645606158498206,0.29645606158498206,-0.13320613735060488,0.13320613735060488,0.854534859938517,1.4428814141502677,1.6328226834528263,1.0,1.0
rock_paper_scissors,"1,1",1.0,0,lola,lola,lola,-0.7506366648278084,0.7506366648278084,-0.14617242899051908,0.14617242899051908,1.4132652113426316,1.6567242546550607,1.5848394485502573,1.0,1.0
rock_paper_scissors,"1,1",1.0,0,ew_lola,ew_lola,ew_lola,-0.46167914786202513,0.46167914786202513,-0.10370256574499055,0.10370256574499055,1.074155718398496,1.3402956290460506,1.7383305920350864,1.0,1.0
rock_paper_scissors,"1,1",1.0,1,standard,standard,standard,-0.1100027064817578,0.1100027064817578,0.09825394046141271,-0.09825394046141271,1.1475595132257772,1.4416377251270511,1.5121318341537782,1.0,1.0
rock_paper_scissors,"1,1",1.0,1,ew,ew,ew,0.12209467572492382,-0.12209467572492382,0.15008516949445566,-0.15008516949445566,1.1268143624231879,1.6002091484726488,1.4441668032704993,1.0,1.0
rock_paper_scissors,"1,1",1.0,1,lola,lola,lola,-0.3445965733130129,0.3445965733130129,-0.23728213643385782,0.23728213643385782,0.9234866341848843,1.6656445268197146,1.548978949642426,1.0,1.0
rock_paper_scissors,"1,1",1.0,1,ew_lola,ew_lola,ew_lola,0.39028741477878753,-0.39028741477878753,0.12391472330174516,-0.12391472330174516,1.2120509792884717,1.8299205684499966,1.5989426883801927,1.0,1.0
rock_paper_scissors,"1,1",1.0,2,standard,standard,standard,0.3080754204844898,-0.3080754204844898,0.18344799862957972,-0.18344799862957972,1.2044721815064112,1.6094982824850512,1.4194480783359498,1.0,1.0
rock_paper_scissors,"1,1",1.0,2,ew,ew,ew,-0.15315501116226016,0.15315501116226016,-0.0723957267808529,0.0723957267808529,0.6601475333234613,1.6164975834624702,1.6786710064760186,1.0,1.0
rock_paper_scissors,"1,1",1.0,2,lola,lola,lola,0.13049965401294078,-0.13049965401294078,-0.17653540662360723,0.17653540662360723,0.6508919667918,1.5757409290005848,1.7292499404729131,1.0,1.0
rock_paper_scissors,"1,1",1.0,2,ew_lola,ew_lola,ew_lola,0.11596594321016951,-0.11596594321016951,0.04203034282331889,-0.04203034282331889,0.7269995039573391,1.6484916855648997,1.4526990295447255,1.0,1.0
rock_paper_scissors,"1,1",1.0,3,standard,standard,standard,-0.24418150017235563,0.24418150017235563,-0.10025849483615065,0.10025849483615065,0.90857267343035,1.5083841806101799,1.6444430136092083,1.0,1.0
rock_paper_scissors,"1,1",1.0,3,ew,ew,ew,-0.05255008717698495,0.05255008717698495,-0.05373222572049539,0.05373222572049539,0.47868845492932965,1.377645216846336,1.5237835066616652,1.0,1.0
rock_paper_scissors,"1,1",1.0,3,lola,lola,lola,0.595021462339945,-0.595021462339945,0.13294904260497714,-0.13294904260497714,1.2319643208818163,1.5903254114846632,1.6099196032352971,1.0,1.0
rock_paper_scissors,"1,1",1.0,3,ew_lola,ew_lola,ew_lola,-0.15624934088020842,0.15624934088020842,0.016682309269370216,-0.016682309269370216,1.1873933371204077,1.4994338794655786,1.434100133138809,1.0,1.0
rock_paper_scissors,"1,1",1.0,4,standard,standard,standard,-0.09924858726623301,0.09924858726623301,-0.016384925184453808,0.016384925184453808,0.6437190205020402,1.6676399313935242,1.4247213518935022,1.0,1.0
rock_paper_scissors,"1,1",1.0,4,ew,ew,ew,-0.29779784476679994,0.29779784476679994,0.21630389962987814,-0.21630389962987814,1.0966508043824807,1.6135626546563349,1.5210305272634417,1.0,1.0
rock_paper_scissors,"1,1",1.0,4,lola,lola,lola,-0.1263472778970001,0.1263472778970001,0.002060409715006103,-0.002060409715006103,0.9435619396397342,1.5666702155185477,1.4059919260787168,1.0,1.0
rock_paper_scissors,"1,1",1.0,4,ew_lola,ew_lola,ew_lola,0.25411269772492023,-0.25411269772492023,0.04479401132373538,-0.04479401132373538,1.130314970691819,1.6103302777068689,1.4477145878937514,1.0,1.0
rock_paper_scissors,"1,1",1.0,5,standard,standard,standard,-0.017487497780988015,0.017487497780988015,0.1463070159725159,-0.1463070159725159,0.8856230401248757,1.6405417035726964,1.763835752951623,1.0,1.0
rock_paper_scissors,"1,1",1.0,5,ew,ew,ew,-0.3893605831357291,0.3893605831357291,-0.04720281763273223,0.04720281763273223,0.9848007273515295,1.729060675995927,1.419964502411188,1.0,1.0
rock_paper_scissors,"1,1",1.0,5,lola,lola,lola,0.016178901968105043,-0.016178901968105043,-0.02196159247202329,0.02196159247202329,0.6547758544274664,1.6927580916109346,1.4698362590837544,1.0,1.0
rock_paper_scissors,"1,1",1.0,5,ew_lola,ew_lola,ew_lola,0.5832823517979911,-0.5832823517979911,0.2537556629675418,-0.2537556629675418,1.231869103576409,1.5565910940831968,1.679546204674304,1.0,1.0
rock_paper_scissors,"1,1",1.0,6,standard,standard,standard,-0.24065896849996576,0.24065896849996576,0.07548508144970764,-0.07548508144970764,0.9081232838816021,1.4825605733408256,1.7026766834435871,1.0,1.0
rock_paper_scissors,"1,1",1.0,6,ew,ew,ew,0.24998256507345606,-0.24998256507345606,0.06209590053636033,-0.06209590053636033,0.9382042193717473,1.5681279796310619,1.6438413844525677,1.0,1.0
rock_paper_scissors,"1,1",1.0,6,lola,lola,lola,0.19332876457888554,-0.19332876457888554,0.05704946088349174,-0.05704946088349174,1.015843278822386,1.6303223311877364,1.6604638701470655,1.0,1.0
rock_paper_scissors,"1,1",1.0,6,ew_lola,ew_lola,ew_lola,-0.06270466197312279,0.06270466197312279,-0.02383377818674442,0.02383377818674442,0.700719334980078,1.6200943869182776,1.6336031171675542,1.0,1.0
rock_paper_scissors,"1,1",1.0,7,standard,standard,standard,0.580066954028869,-0.580066954028869,0.06374072461895974,-0.06374072461895974,1.2575516483602045,1.6920405844338966,1.4708528626805117,1.0,1.0
rock_paper_scissors,"1,1",1.0,7,ew,ew,ew,-0.058574114948243466,0.058574114948243466,-0.12274105061493153,0.12274105061493153,1.3276313488692688,1.7849200360438833,1.6163936525988476,1.0,1.0
rock_paper_scissors,"1,1",1.0,7,lola,lola,lola,0.11818649053292365,-0.11818649053292365,0.035788984749479294,-0.035788984749479294,0.6402334066153578,1.497461488880707,1.4863848673951334,1.0,1.0
rock_paper_scissors,"1,1",1.0,7,ew_lola,ew_lola,ew_lola,0.11385346725005882,-0.11385346725005882,0.0288498631012263,-0.0288498631012263,0.5278190836486536,1.5686849521855164,1.638607037809744,1.0,1.0
rock_paper_scissors,"4,1",16.0,0,standard,standard,standard,-0.04107661991555456,0.04107661991555456,-0.023144589689807128,0.023144589689807128,1.0639460752500818,6.464846650278494,1.5599020221391473,1.0,1.0
rock_paper_scissors,"4,1",16.0,0,ew,ew,ew,-0.041038178194066244,0.041038178194066244,-0.0389016268366568,0.0389016268366568,0.37941376981972685,5.771525656601071,1.6328226834528263,0.0625,1.0
rock_paper_scissors,"4,1",16.0,0,lola,lola,lola,-0.8232637826764498,0.8232637826764498,-0.2411982420860091,0.2411982420860091,1.4796669237482762,6.626897018620243,1.5848394485502573,1.0,1.0
rock_paper_scissors,"4,1",16.0,0,ew_lola,ew_lola,ew_lola,-0.08550652968682465,0.08550652968682465,-0.00033499845424243314,0.00033499845424243314,0.4564566560425646,5.361182516184202,1.7383305920350864,0.0625,1.0
rock_paper_scissors,"4,1",16.0,1,standard,standard,standard,0.8042391881519069,-0.8042391881519069,-0.302343328137232,0.302343328137232,1.5103819633725695,5.7665509005082045,1.5121318341537782,1.0,1.0
rock_paper_scissors,"4,1",16.0,1,ew,ew,ew,0.05128187362177493,-0.05128187362177493,0.03717136096985792,-0.03717136096985792,0.5835146594582133,6.400836593890595,1.4441668032704993,0.0625,1.0
rock_paper_scissors,"4,1",16.0,1,lola,lola,lola,-0.8115804091732549,0.8115804091732549,-0.55333025635079,0.55333025635079,1.5012827653217407,6.662578107278859,1.548978949642426,1.0,1.0
rock_paper_scissors,"4,1",16.0,1,ew_lola,ew_lola,ew_lola,0.08616589977950972,-0.08616589977950972,0.002188889934011003,-0.002188889934011003,0.7531140547470716,7.3196822737999865,1.5989426883801927,0.0625,1.0
rock_paper_scissors,"4,1",16.0,2,standard,standard,standard,0.39216600558632964,-0.39216600558632964,0.2557694645874774,-0.2557694645874774,1.1993210910171348,6.437993129940205,1.4194480783359498,1.0,1.0
rock_paper_scissors,"4,1",16.0,2,ew,ew,ew,0.012359939411914683,-0.012359939411914683,0.0046270378199963335,-0.0046270378199963335,0.28377652934252856,6.465990333849881,1.6786710064760186,0.0625,1.0
rock_paper_scissors,"4,1",16.0,2,lola,lola,lola,-0.5343852531605805,0.5343852531605805,-0.4171138170872119,0.4171138170872119,1.1937833484544955,6.302963716002339,1.7292499404729131,1.0,1.0
rock_paper_scissors,"4,1",16.0,2,ew_lola,ew_lola,ew_lola,0.05201726879654786,-0.05201726879654786,0.03336498825598501,-0.03336498825598501,0.6726415723843429,6.593966742259599,1.4526990295447255,0.0625,1.0
rock_paper_scissors,"4,1",16.0,3,standard,standard,standard,-0.11595361504000617,0.11595361504000617,-0.3264828397108839,0.3264828397108839,1.437225127455977,6.0335367224407195,1.6444430136092083,1.0,1.0
rock_paper_scissors,"4,1",16.0,3,ew,ew,ew,0.045258748964803586,-0.045258748964803586,0.002114768180002856,-0.002114768180002856,0.5694339631248837,5.510580867385344,1.5237835066616652,0.0625,1.0
rock_paper_scissors,"4,1",16.0,3,lola,lola,lola,-0.49495945825899745,0.49495945825899745,-0.5823550894852814,0.5823550894852814,1.1793123049413188,6.361301645938653,1.6099196032352971,1.0,1.0
rock_paper_scissors,"4,1",16.0,3,ew_lola,ew_lola,ew_lola,-0.030788955193240902,0.030788955193240902,-0.010941475954956151,0.010941475954956151,0.6622814837397379,5.997735517862314,1.434100133138809,0.0625,1.0
rock_paper_scissors,"4,1",16.0,4,standard,standard,standard,-0.35247720415276734,0.35247720415276734,-0.131283372891442,0.131283372891442,1.042795751229065,6.670559725574097,1.4247213518935022,1.0,1.0
rock_paper_scissors,"4,1",16.0,4,ew,ew,ew,0.09068374371434479,-0.09068374371434479,0.055352571108735774,-0.055352571108735774,0.6435417526868044,6.454250618625339,1.5210305272634417,0.0625,1.0
rock_paper_scissors,"4,1",16.0,4,lola,lola,lola,0.5092794394729119,-0.5092794394729119,-0.09899273686003143,0.09899273686003143,1.2777987019731667,6.266680862074191,1.4059919260787168,1.0,1.0
rock_paper_scissors,"4,1",16.0,4,ew_lola,ew_lola,ew_lola,0.14607846180779652,-0.14607846180779652,0.015803892059527192,-0.015803892059527192,0.5978224720522436,6.4413211108274755,1.4477145878937514,0.0625,1.0
rock_paper_scissors,"4,1",16.0,5,standard,standard,standard,-0.6960166347392541,0.6960166347392541,0.05656590600427822,-0.05656590600427822,1.409948067961483,6.562166814290785,1.763835752951623,1.0,1.0
rock_paper_scissors,"4,1",16.0,5,ew,ew,ew,-0.17867144566309154,0.17867144566309154,-0.02342765511349085,0.02342765511349085,0.7952713378642832,6.916242703983708,1.419964502411188,0.0625,1.0
rock_paper_scissors,"4,1",16.0,5,lola,lola,lola,0.5638913695274755,-0.5638913695274755,-0.06252128411065981,0.06252128411065981,1.2968462055411902,6.771032366443738,1.4698362590837544,1.0,1.0
rock_paper_scissors,"4,1",16.0,5,ew_lola,ew_lola,ew_lola,0.07473668913587167,-0.07473668913587167,0.033964119027860465,-0.033964119027860465,0.7842608660760054,6.226364376332787,1.679546204674304,0.0625,1.0
rock_paper_scissors,"4,1",16.0,6,standard,standard,standard,-0.49781864982407625,0.49781864982407625,0.0742716492784767,-0.0742716492784767,1.238506984317506,5.930242293363302,1.7026766834435871,1.0,1.0
rock_paper_scissors,"4,1",16.0,6,ew,ew,ew,-0.04028813132584022,0.04028813132584022,-0.04326409551239206,0.04326409551239206,0.6840948342134561,6.2725119185242475,1.6438413844525677,0.0625,1.0
rock_paper_scissors,"4,1",16.0,6,lola,lola,lola,-0.024352422738066048,0.024352422738066048,-0.03885270278083954,0.03885270278083954,1.5956679441807746,6.521289324750946,1.6604638701470655,1.0,1.0
rock_paper_scissors,"4,1",16.0,6,ew_lola,ew_lola,ew_lola,0.007923630307047666,-0.007923630307047666,-0.008164937640934362,0.008164937640934362,0.46960477204772844,6.48037754767311,1.6336031171675542,0.0625,1.0
rock_paper_scissors,"4,1",16.0,7,standard,standard,standard,0.3314957923382859,-0.3314957923382859,-0.49735517172199534,0.49735517172199534,1.2589131669676625,6.768162337735586,1.4708528626805117,1.0,1.0
rock_paper_scissors,"4,1",16.0,7,ew,ew,ew,-0.1511919939958337,0.1511919939958337,-0.07890942410814265,0.07890942410814265,0.8945095544104091,7.139680144175533,1.6163936525988476,0.0625,1.0
rock_paper_scissors,"4,1",16.0,7,lola,lola,lola,0.19763519388839307,-0.19763519388839307,-0.0450303525570669,0.0450303525570669,0.6841117787879122,5.989845955522828,1.4863848673951334,1.0,1.0
rock_paper_scissors,"4,1",16.0,7,ew_lola,ew_lola,ew_lola,0.03569751516723313,-0.03569751516723313,0.007152098741060544,-0.007152098741060544,0.42269942475754296,6.274739808742066,1.638607037809744,0.0625,1.0
rock_paper_scissors,"16,1",256.0,0,standard,standard,standard,0.02712355698246638,-0.02712355698246638,-0.026784790284754157,0.026784790284754157,1.134367103779828,25.859386601113975,1.5599020221391473,1.0,1.0
rock_paper_scissors,"16,1",256.0,0,ew,ew,ew,0.012083585999128732,-0.012083585999128732,-0.004656728110079932,0.004656728110079932,0.2850803999551473,23.086102626404283,1.6328226834528263,0.00390625,1.0
rock_paper_scissors,"16,1",256.0,0,lola,lola,lola,-0.8296870903412435,0.8296870903412435,-0.26312740397496215,0.26312740397496215,1.4844996654949927,26.50758807448097,1.5848394485502573,1.0,1.0
rock_paper_scissors,"16,1",256.0,0,ew_lola,ew_lola,ew_lola,-0.007927044815928333,0.007927044815928333,0.00027265021012180324,-0.00027265021012180324,0.1999116430198926,21.44473006473681,1.7383305920350864,0.00390625,1.0
rock_paper_scissors,"16,1",256.0,1,standard,standard,standard,0.8282951117660879,-0.8282951117660879,-0.3686702835440193,0.3686702835440193,1.5260404458076087,23.066203602032818,1.5121318341537782,1.0,1.0
rock_paper_scissors,"16,1",256.0,1,ew,ew,ew,0.024773724950979945,-0.024773724950979945,0.013919428467291195,-0.013919428467291195,0.4979007544485853,25.60334637556238,1.4441668032704993,0.00390625,1.0
rock_paper_scissors,"16,1",256.0,1,lola,lola,lola,-0.8168234024694196,0.8168234024694196,-0.5918686805658264,0.5918686805658264,1.5051321964293312,26.650312429115434,1.548978949642426,1.0,1.0
rock_paper_scissors,"16,1",256.0,1,ew_lola,ew_lola,ew_lola,0.01870593881163385,-0.01870593881163385,0.003971090517094404,-0.003971090517094404,0.5868513399872028,29.278729095199946,1.5989426883801927,0.00390625,1.0
rock_paper_scissors,"16,1",256.0,2,standard,standard,standard,0.5496489911660721,-0.5496489911660721,0.27504650049885443,-0.27504650049885443,1.2124164817297816,25.75197251976082,1.4194480783359498,1.0,1.0
rock_paper_scissors,"16,1",256.0,2,ew,ew,ew,0.01016482122198012,-0.01016482122198012,0.005403314231853626,-0.005403314231853626,0.18774461931479172,25.863961335399523,1.6786710064760186,0.00390625,1.0
rock_paper_scissors,"16,1",256.0,2,lola,lola,lola,-0.5442870543759168,0.5442870543759168,-0.42422818592226197,0.42422818592226197,1.206544094729582,25.211854864009357,1.7292499404729131,1.0,1.0
rock_paper_scissors,"16,1",256.0,2,ew_lola,ew_lola,ew_lola,0.024333887952701694,-0.024333887952701694,0.01399895869302718,-0.01399895869302718,0.6934513080327714,26.375866969038395,1.4526990295447255,0.00390625,1.0
rock_paper_scissors,"16,1",256.0,3,standard,standard,standard,-0.27906914264497396,0.27906914264497396,-0.5368916438348424,0.5368916438348424,1.2788937613726525,24.134146889762878,1.6444430136092083,1.0,1.0
rock_paper_scissors,"16,1",256.0,3,ew,ew,ew,-0.019937389358703123,0.019937389358703123,-0.01835034125968707,0.01835034125968707,0.6429545277724139,22.042323469541376,1.5237835066616652,0.00390625,1.0
rock_paper_scissors,"16,1",256.0,3,lola,lola,lola,-0.9775904962788309,0.9775904962788309,-0.6765715656191428,0.6765715656191428,1.60915882011786,25.44520658375461,1.6099196032352971,1.0,1.0
rock_paper_scissors,"16,1",256.0,3,ew_lola,ew_lola,ew_lola,0.055268517142305684,-0.055268517142305684,-0.007334498732437645,0.007334498732437645,0.540869295659836,23.990942071449258,1.434100133138809,0.00390625,1.0
rock_paper_scissors,"16,1",256.0,4,standard,standard,standard,-0.3807973689597749,0.3807973689597749,-0.1368586171298301,0.1368586171298301,1.0869526368989044,26.682238902296387,1.4247213518935022,1.0,1.0
rock_paper_scissors,"16,1",256.0,4,ew,ew,ew,0.015050315087494687,-0.015050315087494687,0.00018736226619936734,-0.00018736226619936734,0.6371018974047609,25.817002474501358,1.5210305272634417,0.00390625,1.0
rock_paper_scissors,"16,1",256.0,4,lola,lola,lola,0.6349217284906841,-0.6349217284906841,-0.1549224529132869,0.1549224529132869,1.3605212194278333,25.066723448296763,1.4059919260787168,1.0,1.0
rock_paper_scissors,"16,1",256.0,4,ew_lola,ew_lola,ew_lola,0.05734499025788199,-0.05734499025788199,0.02169299665392786,-0.02169299665392786,0.5033208509845465,25.765284443309902,1.4477145878937514,0.00390625,1.0
rock_paper_scissors,"16,1",256.0,5,standard,standard,standard,-0.6549739273550976,0.6549739273550976,0.09693012935112862,-0.09693012935112862,1.3732357447664463,26.24866725716314,1.763835752951623,1.0,1.0
rock_paper_scissors,"16,1",256.0,5,ew,ew,ew,-0.06950676407385631,0.06950676407385631,-0.012563070475180316,0.012563070475180316,0.6873848007915164,27.664970815934833,1.419964502411188,0.00390625,1.0
rock_paper_scissors,"16,1",256.0,5,lola,lola,lola,0.7309085987674501,-0.7309085987674501,-0.06966989804891097,0.06966989804891097,1.4214557710264497,27.084129465774954,1.4698362590837544,1.0,1.0
rock_paper_scissors,"16,1",256.0,5,ew_lola,ew_lola,ew_lola,0.01936886355881373,-0.01936886355881373,0.016238727754264926,-0.016238727754264926,0.7397636627299523,24.90545750533115,1.679546204674304,0.00390625,1.0
rock_paper_scissors,"16,1",256.0,6,standard,standard,standard,-0.4934922923060651,0.4934922923060651,0.09804750567499021,-0.09804750567499021,1.2441814989600422,23.72096917345321,1.7026766834435871,1.0,1.0
rock_paper_scissors,"16,1",256.0,6,ew,ew,ew,-0.07710157347461655,0.07710157347461655,-0.04122296357170223,0.04122296357170223,0.7083107189894162,25.09004767409699,1.6438413844525677,0.00390625,1.0
rock_paper_scissors,"16,1",256.0,6,lola,lola,lola,-0.024891114372240158,0.024891114372240158,-0.0644925168592079,0.0644925168592079,1.5952101280987723,26.085157299003782,1.6604638701470655,1.0,1.0
rock_paper_scissors,"16,1",256.0,6,ew_lola,ew_lola,ew_lola,-0.01833379879072672,0.01833379879072672,-0.014457181213700163,0.014457181213700163,0.4421652270712933,25.92151019069244,1.6336031171675542,0.00390625,1.0
rock_paper_scissors,"16,1",256.0,7,standard,standard,standard,-0.8882133635585173,0.8882133635585173,-0.6775921293836723,0.6775921293836723,1.5556412061888278,27.072649350942346,1.4708528626805117,1.0,1.0
rock_paper_scissors,"16,1",256.0,7,ew,ew,ew,-0.05839373520248453,0.05839373520248453,-0.027837368639625003,0.027837368639625003,0.7876964971715558,28.558720576702132,1.6163936525988476,0.00390625,1.0
rock_paper_scissors,"16,1",256.0,7,lola,lola,lola,0.16968044769709656,-0.16968044769709656,-0.06900197700023139,0.06900197700023139,0.6552979806386063,23.95938382209131,1.4863848673951334,1.0,1.0
rock_paper_scissors,"16,1",256.0,7,ew_lola,ew_lola,ew_lola,0.014478620988337576,-0.014478620988337576,0.003518747422526092,-0.003518747422526092,0.40642235340422384,25.098959234968262,1.638607037809744,0.00390625,1.0
